WHL SJ Equity,Retail
FFA SJ Equity,REITS
BVT SJ Equity,Food
GRT SJ Equity,REITS
SNH SJ Equity,Home Furnishings
MND SJ Equity,Forest Products&Paper
MTN SJ Equity,Telecommunications
SAB SJ Equity,Beverages
RDF SJ Equity,Real Estate
CPI SJ Equity,Diversified Finan Serv
FFB SJ Equity,REITS
BGA SJ Equity,Banks
AMS SJ Equity,Mining
SLM SJ Equity,Insurance
REM SJ Equity,Holding Companies-Divers
SOL SJ Equity,Oil&Gas
SBK SJ Equity,Banks
INL SJ Equity,Diversified Finan Serv
APN SJ Equity,Healthcare-Products
MDC SJ Equity,Healthcare-Services
FSR SJ Equity,Banks
TBS SJ Equity,Food
PSG SJ Equity,Diversified Finan Serv
RMH SJ Equity,Diversified Finan Serv
NTC SJ Equity,Healthcare-Services
REI SJ Equity,Investment Companies
SHP SJ Equity,Food
MRP SJ Equity,Retail
BAT SJ Equity,Diversified Finan Serv
MNP SJ Equity,Forest Products&Paper
OML SJ Equity,Insurance
NED SJ Equity,Banks
VOD SJ Equity,Telecommunications
DSY SJ Equity,Insurance
ITU SJ Equity,REITS
CFR SJ Equity,Retail
AGL SJ Equity,Mining
BIL SJ Equity,Mining
BTI SJ Equity,Agriculture
INP SJ Equity,Banks
NPN SJ Equity,Media
